{
    "0": {
        "image":"images/img_15614.jpg",
        "image-description":"image description",
        "caption":"From https://www.flickr.com/photos/tigerhawkvok/9449565450/"
    },
    "1": {
        "image":"images/img_14048.jpg",
        "image-description":"image description",
        "caption":"HTML for caption 2. Image from https://www.flickr.com/photos/tigerhawkvok/6024642399/"
    },
    "2": {
        "image":"images/img_14048.jpg",
        "image-description":"image description",
        "caption":"<h3>Caption 3</h3><p>From <a href='https://www.flickr.com/photos/tigerhawkvok/2485150958/'>here</a>.</p>"
    },
    "3": {
        "image":"images/1_egg.jpg",
        "image-description":"image description",
        "caption":"<h3>Caption 3</h3><p>From <a href='https://www.flickr.com/photos/tigerhawkvok/2485150958/'>here</a>.</p>"
    }
}
