{
    "0": {
        "image":"images/img_15614.jpg",
        "image-description":"image description",
        "caption":"<h4><i>Sylvilagus bachmani mariposae</i>, Mariposa Brush rabbit</h4><p>From <a href=' http://arctos.database.museum/guid/MVZ:Mamm:21867'>MVZ:Mamm:21867</a>.</p>"
    },
    "1": {
        "image":"images/img_14048.jpg",
        "image-description":"image description",
        "caption":"<h4>Hastings Natural History Reserve, Carmel Valley, California</h4><p>From <a href='http://arctos.database.museum/media/10469482'>MVZ Archives Image 14048</a>.</p>"
    },
    "2": {
        "image":"http://web.corral.tacc.utexas.edu/MVZ/images/MVZ_img/images/jpg/img_45.jpg",
        "image-description":"image description",
        "caption":"<h4>Museum party in Strawberry Valley, San Jacinto Mts., July 1908</h4><p>From <a href='http://arctos.database.museum/media/10000110'>MVZ Archives Image 45</a>.</p>"
    },
    "3": {
        "image":"images/1_egg.jpg",
        "image-description":"image description",
        "caption":"<h4><i>Actitis macularia</i>, Spotted Sandpiper</h4><p>From <a href='http://arctos.database.museum/guid/MVZ:Egg:1'>MVZ:Egg:1</a>.</p>"
    }
}
